t1.bmp,18.3762,63.9634
t2.bmp,13.6514,25.3353
t3.bmp,18.9246,48.9366
t4.bmp,18.2414,35.8863
t5.bmp,19.2577,66.5092
t6.bmp,19.9582,54.5797
t7.bmp,19.6458,77.8821
100.bmp,19.1247,32.5611
101.bmp,20.2198,66.3595
102.bmp,19.6612,44.695
103.bmp,19.3389,39.2346
104.bmp,11.9019,9.2291
105.bmp,21.7846,41.3314
106.bmp,21.2405,68.9221
107.bmp,15.5275,27.9575
108.bmp,16.5518,75.3515
109.bmp,19.2456,50.6379
10.bmp,15.1242,82.9107
110.bmp,18.5985,32.1369
111.bmp,21.8452,51.8415
112.bmp,16.3004,30.3188
113.bmp,19.5545,68.2171
114.bmp,16.1643,24.8711
115.bmp,19.0756,31.2938
116.bmp,21.2226,26.0977
117.bmp,20.1097,70.4327
118.bmp,18.7551,26.5309
119.bmp,21.8382,51.3171
11.bmp,20.5535,60.9473
120.bmp,15.5253,18.7849
121.bmp,15.989,19.75
122.bmp,17.2462,79.3671
123.bmp,20.488,67.2978
124.bmp,20.1889,70.9946
125.bmp,16.0234,81.905
126.bmp,20.0398,52.843
127.bmp,19.9092,41.4269
128.bmp,18.0777,48.8137
129.bmp,20.8602,72.8827
12.bmp,15.2557,15.8952
130.bmp,13.6642,86.6087
131.bmp,21.98,48.529
132.bmp,17.4569,73.0259
133.bmp,20.7607,27.0057
134.bmp,22.1186,32.309
135.bmp,19.217,65.943
136.bmp,21.0914,67.1632
137.bmp,21.7327,59.8421
138.bmp,18.7276,67.587
139.bmp,18.5242,61.9286
13.bmp,17.7929,77.4023
140.bmp,17.6145,77.4583
141.bmp,20.7379,20.5818
142.bmp,15.2734,26.4057
143.bmp,21.3263,61.1495
144.bmp,18.5309,76.9239
145.bmp,22.0687,55.5924
146.bmp,19.9118,34.2112
147.bmp,18.3166,71.3234
148.bmp,18.8799,41.9708
149.bmp,17.9525,72.4574
14.bmp,21.5997,66.3941
150.bmp,19.6504,65.7962
151.bmp,23.1348,55.7792
152.bmp,15.5811,79.4379
153.bmp,19.1585,73.0881
154.bmp,13.5701,11.9771
155.bmp,18.4985,73.6391
156.bmp,17.6564,28.5128
157.bmp,16.8072,17.5192
158.bmp,15.3004,79.4167
159.bmp,16.8145,73.8344
15.bmp,21.583,56.399
160.bmp,20.6588,41.3471
161.bmp,10.4885,8.2468
162.bmp,21.1555,70.6375
163.bmp,21.5987,46.3694
164.bmp,17.2188,80.5
165.bmp,18.6128,71.8634
166.bmp,20.8848,49.7958
167.bmp,18.4649,75.1778
168.bmp,18.8443,65.4181
169.bmp,16.1132,30.1092
16.bmp,16.8039,77.6022
170.bmp,21.32,60.288
171.bmp,17.673,25.1364
172.bmp,20.4705,63.0452
173.bmp,19.514,74.5407
174.bmp,19.7569,72.91
175.bmp,19.5197,74.3648
176.bmp,22.7161,61.3454
177.bmp,20.9051,58.4301
178.bmp,19.1698,53.7024
179.bmp,24.3056,66.1084
17.bmp,18.7401,61.462
180.bmp,21.7009,39.4134
181.bmp,16.7057,29.1282
182.bmp,20.5078,52.6313
183.bmp,16.4957,23.0121
184.bmp,18.963,67
185.bmp,22.0019,56.4699
186.bmp,22.7925,49.8077
187.bmp,17.1445,28.712
188.bmp,16.5829,28.9595
189.bmp,20.3371,46.0538
18.bmp,21.0595,64.5519
190.bmp,18.1922,31.7295
191.bmp,19.0158,46.4747
192.bmp,20.3911,35.4835
193.bmp,18.9898,74.6608
194.bmp,16.8295,26.6667
195.bmp,19.0337,69.1841
196.bmp,19.5542,61.7889
197.bmp,23.6023,55.4824
198.bmp,18.0749,78.5172
199.bmp,21.0913,66.2123
19.bmp,20.539,30.936
200.bmp,10.5792,9.1391
201.bmp,20.4791,49.5
202.bmp,17.7807,24.5152
203.bmp,20.2308,50.9944
204.bmp,19.2795,75.4817
205.bmp,18.2682,77.9598
206.bmp,21.9322,72.5909
207.bmp,21.6863,43.6686
208.bmp,21.9684,53.8415
209.bmp,21.4598,52.2907
20.bmp,20.4675,76.3854
210.bmp,20.9516,70.5421
211.bmp,19.8195,42.686
212.bmp,21.0037,61.7126
213.bmp,17.1144,13.1139
214.bmp,18.23,73.1111
215.bmp,19.8217,57.1914
216.bmp,19.6791,75.179
217.bmp,21.1996,68.1472
218.bmp,19.7841,67.9885
219.bmp,19.064,48.8035
21.bmp,21.2824,53.0206
220.bmp,20.4681,67.2822
221.bmp,16.0382,84.1602
222.bmp,22.6744,59.2565
223.bmp,19.0281,68.3113
224.bmp,13.5009,14.6383
225.bmp,18.9887,64.0529
226.bmp,20.5503,49.4757
227.bmp,17.958,72.7076
228.bmp,18.6794,41.1
229.bmp,22.3352,57.6667
22.bmp,19.7643,52
230.bmp,19.1227,43.2471
231.bmp,23.688,45.3711
232.bmp,16.7705,81.7688
233.bmp,16.5155,81.2556
234.bmp,17.733,64.6806
235.bmp,18.1779,53.1524
236.bmp,17.4387,30.9831
237.bmp,17.7253,68.8243
238.bmp,20.0632,59.0318
239.bmp,6.7629,3.4976
23.bmp,18.2795,77.1139
240.bmp,19.4925,53.08
241.bmp,21.3379,59.45
242.bmp,19.7852,43.8821
243.bmp,17.9865,34.1235
244.bmp,19.3617,56.4451
245.bmp,11.1609,10.7273
246.bmp,19.8434,52.0305
247.bmp,19.2424,74.2722
248.bmp,19.5763,74.9494
249.bmp,18.3606,73.1848
24.bmp,25.0268,35.836
250.bmp,22.3346,50.5746
251.bmp,17.8105,61.7772
252.bmp,17.2261,39.1543
253.bmp,23.2781,46.7079
254.bmp,18.8369,48.78
255.bmp,22.0179,57.2428
256.bmp,19.0277,70.3242
257.bmp,17.3925,71.7964
258.bmp,21.5947,68.3602
259.bmp,20.6412,61.6131
25.bmp,21.543,71.9006
260.bmp,21.3092,49.0904
261.bmp,15.58,85.2164
262.bmp,20.8687,62.2857
263.bmp,22.451,27.1538
264.bmp,25.0226,39.0186
265.bmp,21.0222,60.1522
266.bmp,19.9538,61.791
267.bmp,17.707,70.7417
268.bmp,17.6556,75.6416
269.bmp,20.7956,62.0794
26.bmp,15.588,78.6118
270.bmp,13.9804,21.5741
271.bmp,15.2852,83.0617
272.bmp,19.8386,44.3989
273.bmp,19.4516,65.3254
274.bmp,21.8635,50.1882
275.bmp,25.0407,47.0273
276.bmp,20.857,71.6358
277.bmp,18.8693,68.4107
278.bmp,16.6824,28.1042
279.bmp,19.0073,70.645
27.bmp,23.5755,63.2893
280.bmp,19.0194,34.095
281.bmp,20.7709,43.5706
282.bmp,21.8534,45.7104
283.bmp,16.1859,20.1684
284.bmp,26.1578,66.9149
285.bmp,19.186,56.0765
286.bmp,20.7386,40.7414
287.bmp,18.431,30.9116
288.bmp,18.8941,47.7977
289.bmp,19.6715,43.4583
28.bmp,21.1975,61.0135
290.bmp,18.3718,35.8125
291.bmp,24.2473,30.9167
292.bmp,23.3168,43.5469
293.bmp,21.0453,40.6723
294.bmp,17.6342,12.8344
295.bmp,20.4518,72.4691
296.bmp,19.897,38.3793
297.bmp,17.6371,27.0718
298.bmp,24.3551,49.6368
299.bmp,20.7214,56.3966
29.bmp,19.0866,38.506
300.bmp,24.6857,41.2597
301.bmp,18.0645,74.7877
302.bmp,21.1419,63.9085
303.bmp,21.3789,51.1377
304.bmp,13.5729,87.3656
305.bmp,20.5248,67.1989
306.bmp,19.8576,51.1733
307.bmp,15.0632,13.7194
308.bmp,23.5235,44.9293
309.bmp,15.0944,19.3764
30.bmp,20.9436,35.1037
310.bmp,18.4806,69.6714
311.bmp,17.7842,22.6558
312.bmp,21.4298,56.6778
313.bmp,22.0499,49.2472
314.bmp,21.8321,52.7921
315.bmp,16.628,69.9371
316.bmp,22.4667,49.3016
317.bmp,24.4947,34.267
318.bmp,19.0663,35.1693
319.bmp,17.4946,76.2909
31.bmp,22.7549,53.5519
320.bmp,17.9051,77.0714
321.bmp,20.0155,44.2629
322.bmp,21.5422,53.4794
323.bmp,21.212,65.3908
324.bmp,17.3836,77.9268
325.bmp,20.5661,52.3539
326.bmp,18.9908,46.9077
327.bmp,19.6767,58.4205
328.bmp,16.9016,82.5394
329.bmp,12.4807,6.3934
32.bmp,18.45,68.7889
330.bmp,18.3695,67.7241
331.bmp,18.9883,67.1889
332.bmp,16.9663,80.5906
333.bmp,20.338,51.0929
334.bmp,22.5359,58.3897
335.bmp,23.4475,43.8639
336.bmp,23.0473,47.3791
337.bmp,14.2716,11.7605
338.bmp,14.9161,86.6022
339.bmp,22.8145,62.3176
33.bmp,23.4279,51.5523
340.bmp,16.9003,27.9623
341.bmp,10.2363,8.933
342.bmp,18.7936,67.6868
343.bmp,19.1858,66.8625
344.bmp,16.9169,79.8023
345.bmp,19.2654,41.3385
346.bmp,19.5474,58.9167
347.bmp,21.5097,58.6522
348.bmp,16.2088,30.5376
349.bmp,19.2642,69.2833
34.bmp,20.2302,34.2554
350.bmp,18.7947,58.6552
351.bmp,17.8237,71.0286
352.bmp,19.7705,52.0306
353.bmp,19.1018,68.0994
354.bmp,18.6917,52.6825
355.bmp,17.3548,76.2762
356.bmp,19.7741,43.2025
357.bmp,22.3143,64.5525
358.bmp,20.5001,50.6685
359.bmp,20.2338,62.9235
35.bmp,21.6486,34.3799
360.bmp,17.3048,24.9709
361.bmp,19.4886,67.3815
362.bmp,20.3556,44.562
363.bmp,20.953,36.5215
364.bmp,19.2895,23.1649
365.bmp,24.3669,43.8827
366.bmp,22.9609,53.8663
367.bmp,21.0753,50.1354
368.bmp,20.6027,52.9217
369.bmp,19.5428,43.3292
36.bmp,22.5647,57.3772
370.bmp,18.572,28.3439
371.bmp,21.8935,66.578
372.bmp,20.4047,68.0321
373.bmp,19.7308,59.6281
374.bmp,19.4196,43.1872
375.bmp,16.3408,24.0301
376.bmp,14.8685,23.2135
377.bmp,16.6151,74.2057
378.bmp,17.2994,71.5062
379.bmp,18.1448,61.3167
37.bmp,19.9079,64.6182
380.bmp,16.7164,79.1136
381.bmp,20.691,63.7606
382.bmp,14.5728,82.1111
383.bmp,18.6203,69.7029
384.bmp,17.881,35.038
385.bmp,20.6605,56.6136
386.bmp,19.3951,40.7273
387.bmp,20.804,74.0184
388.bmp,22.2242,58.3765
389.bmp,19.9365,64.4483
38.bmp,19.2511,30.1505
390.bmp,19.4135,59.0057
391.bmp,15.0062,82.7754
392.bmp,17.7607,81.8405
393.bmp,18.6545,69.7561
394.bmp,20.6719,48.5474
395.bmp,20.8285,53.8333
396.bmp,19.3254,68.1485
397.bmp,21.3461,51.6647
398.bmp,18.1144,36.8957
399.bmp,20.3706,65.9219
39.bmp,21.7007,73.2793
3.bmp,20.2668,44.4461
400.bmp,20.3343,58.6402
401.bmp,22.0392,54.4048
402.bmp,16.8333,76.8456
403.bmp,17.3946,71.2571
404.bmp,18.0151,76.0966
405.bmp,23.627,38.1235
406.bmp,17.0301,79.7026
407.bmp,19.8937,55.4615
408.bmp,18.472,33.1404
409.bmp,20.1916,67.5965
40.bmp,19.4305,34.0977
410.bmp,21.678,58.3046
411.bmp,13.891,17.957
412.bmp,22.8472,56.4342
413.bmp,19.0254,33.0115
414.bmp,25.1259,45.8622
415.bmp,18.0652,16.9042
416.bmp,18.4913,79.7676
417.bmp,18.7998,72.0934
418.bmp,23.4653,66.9209
419.bmp,19.0083,71.8978
41.bmp,20.681,59.6649
420.bmp,20.02,55.9949
421.bmp,16.6078,74.1656
422.bmp,19.9285,62.2514
423.bmp,22.3877,71.5644
424.bmp,19.1882,59.4813
425.bmp,21.0107,64.1696
426.bmp,20.6199,67.4012
427.bmp,20.0009,52.6862
428.bmp,22.5859,37.9148
429.bmp,13.5838,13.0057
42.bmp,20.7941,63.3352
430.bmp,19.0647,62.615
431.bmp,17.3103,46.4157
432.bmp,21.6944,61.9479
433.bmp,18.2111,34.4969
434.bmp,17.4739,58.7622
435.bmp,22.4452,49.8797
436.bmp,19.0173,57.3813
437.bmp,21.7839,65.1989
438.bmp,21.4969,57.3333
439.bmp,15.1934,18.9383
43.bmp,15.408,18.4777
440.bmp,20.5388,60.2108
441.bmp,19.957,65.8383
442.bmp,19.0837,71.0564
443.bmp,17.4457,17.0056
444.bmp,15.9997,83.1771
445.bmp,20.4297,47.2435
446.bmp,15.6012,13.1257
447.bmp,17.9902,25.3315
448.bmp,19.6622,61.5385
449.bmp,15.6056,41.1
44.bmp,20.0177,72.0392
450.bmp,19.4818,63.1963
451.bmp,18.9541,69.3869
452.bmp,17.2743,62.4649
453.bmp,20.4687,38.1915
454.bmp,24.0857,46.8589
455.bmp,19.7463,75.5765
456.bmp,17.9075,79.08
457.bmp,17.7744,44.4471
458.bmp,11.0267,7.6881
459.bmp,15.2755,77.2012
45.bmp,22.8238,56.0952
460.bmp,10.753,6.0433
461.bmp,21.1342,75.7799
462.bmp,22.5666,65.5325
463.bmp,20.7776,72.9231
464.bmp,22.9289,55.7753
465.bmp,19.6608,69.2069
466.bmp,16.7449,76.4091
467.bmp,22.672,57.6444
468.bmp,12.2984,7.3696
469.bmp,21.8453,58.5467
46.bmp,12.1283,15.2201
470.bmp,20.0835,59.4096
471.bmp,20.5137,50.1395
472.bmp,23.623,53.7799
473.bmp,17.9484,65.1744
474.bmp,17.7783,22.5455
475.bmp,21.936,64.0889
476.bmp,19.9029,54.1623
477.bmp,18.9797,75.5222
478.bmp,19.6783,60.0109
479.bmp,20.8488,66.0145
47.bmp,20.0944,49.5
480.bmp,20.5841,52.7798
481.bmp,20.3202,50.0929
482.bmp,20.6525,51.8307
483.bmp,20.0889,45.2027
484.bmp,17.5694,67.7826
485.bmp,22.2124,53.8601
486.bmp,18.7004,70.7557
487.bmp,21.8116,62.345
488.bmp,20.3889,57.4647
489.bmp,17.1849,12.933
48.bmp,19.0435,81.3448
490.bmp,19.4584,67.6169
491.bmp,21.4676,56.4773
492.bmp,19.8669,62.8063
493.bmp,16.7599,27.5393
494.bmp,14.7494,85.2174
495.bmp,21.8009,57.0976
496.bmp,21.5047,65.5031
497.bmp,17.1559,32.5611
498.bmp,19.914,35.642
499.bmp,17.1697,80.8634
49.bmp,19.472,51.8994
4.bmp,18.272,31.9783
500.bmp,18.0605,68.4527
501.bmp,20.9316,37.8636
502.bmp,18.2477,71.4828
503.bmp,15.7872,27.2047
504.bmp,18.5562,56.1856
505.bmp,18.5423,63.0904
506.bmp,20.5796,73.0753
507.bmp,15.7417,78.8037
508.bmp,24.2227,63.0714
509.bmp,20.1471,40.4857
50.bmp,22.1493,62.1379
510.bmp,17.6268,78.6287
511.bmp,17.8855,27.8415
512.bmp,18.7902,43.2814
513.bmp,18.298,70.3704
514.bmp,16.8814,75.6875
515.bmp,17.1593,76.2372
516.bmp,20.9732,52.4293
517.bmp,17.9116,38.2353
518.bmp,20.6406,59.4211
519.bmp,19.1634,62.5661
51.bmp,17.6173,82.2829
520.bmp,21.534,59.0052
521.bmp,19.7058,52.011
522.bmp,19.1597,64.7904
523.bmp,14.7179,17.975
524.bmp,23.667,48.2733
525.bmp,14.5613,78.8194
526.bmp,18.5902,67.1283
527.bmp,21.1032,71.8824
528.bmp,19.4113,70.0482
529.bmp,24.8975,50.5924
52.bmp,18.3446,69.5789
530.bmp,15.8453,14.1782
531.bmp,23.4865,59.4754
532.bmp,16.536,27.6982
53.bmp,19.2335,42.795
54.bmp,15.2788,20.3494
55.bmp,15.8823,83.2834
56.bmp,11.6053,10.6686
57.bmp,18.7882,61.5577
58.bmp,11.411,7.5
59.bmp,26.2162,44.7308
5.bmp,21.4867,62.2562
60.bmp,18.481,74.1833
61.bmp,16.744,37.7563
62.bmp,22.0215,54.4595
63.bmp,21.1469,72.8701
64.bmp,18.1527,41.8608
65.bmp,23.4763,60.5228
66.bmp,21.0724,47.8833
67.bmp,20.7621,64.799
68.bmp,17.2002,39.8047
69.bmp,19.8327,40.392
6.bmp,21.3928,51.872
70.bmp,20.9467,58.2161
71.bmp,20.5672,48.6257
72.bmp,23.6696,65.1111
73.bmp,17.1795,81.1258
74.bmp,20.0769,57.4027
75.bmp,25.4647,56.2459
76.bmp,19.1725,76.0947
77.bmp,19.8927,71.5215
78.bmp,19.5894,69.6471
79.bmp,20.3669,54.4219
7.bmp,9.3539,4.9378
80.bmp,18.6528,56.4268
81.bmp,19.4927,30.1455
82.bmp,18.4841,36.1533
83.bmp,20.2538,55.2595
84.bmp,20.0295,56.1065
85.bmp,18.524,68.6024
86.bmp,22.0679,50.122
87.bmp,22.0583,40.871
88.bmp,18.4947,72.3135
89.bmp,18.4863,32.1033
8.bmp,19.0439,42.4121
90.bmp,20.2977,37.0488
91.bmp,19.6884,66.6167
92.bmp,22.2105,64.8204
93.bmp,18.7686,39.8
94.bmp,17.8199,66.096
95.bmp,18.2237,75.3294
96.bmp,26.3269,63.0753
97.bmp,19.3343,56.3556
98.bmp,18.9981,71.7692
99.bmp,12.8579,11.7258
9.bmp,19.3023,77.9035
533.JPG,20.4016,73.6235
534.JPG,22.7935,52.7097
535.JPG,15.6979,29.5027
536.JPG,20.1543,40.3966
537.JPG,20.4954,63.1475
538.JPG,21.0732,62.5301
539.JPG,20.4757,64.118
540.JPG,27.1024,35.5517
541.JPG,24.7394,52.5519
542.JPG,25.0761,51.9006
543.JPG,19.4978,68.0556
544.JPG,21.4375,59.9897
545.JPG,22.2984,60.75
546.JPG,16.8935,78.5301
547.JPG,16.5231,21.2356
548.JPG,21.1285,69.4798
549.JPG,17.998,65.4294
550.JPG,16.6101,25.9064
551.JPG,17.993,77.288
552.JPG,19.1914,61.0927
553.JPG,17.1806,78.8081
554.JPG,20.1811,65.0697
555.JPG,17.5215,78.6789
556.JPG,20.614,70.2056
557.JPG,21.1678,65.2634
558.JPG,18.1401,44.4129
559.JPG,20.222,72.8509
560.JPG,21.4909,48.6995
561.JPG,20.4377,45.4176
562.JPG,22.0202,50.2595
563.JPG,18.3435,65.8895
564.JPG,19.7213,35.2727
565.JPG,16.1202,21.8011
566.JPG,18.4009,74.3394
567.JPG,19.0899,61.1667
568.JPG,15.6388,67.9781
569.JPG,18.4396,72.1049
570.JPG,19.7701,43.1189
571.JPG,20.4694,73.4856
572.JPG,18.7832,29.5829
573.JPG,19.4747,47.3246
574.JPG,20.4225,52.7378
575.JPG,18.0615,75.1823
576.JPG,17.2439,80.3618
577.JPG,17.7809,76.1183
578.JPG,17.8013,78.1038
579.JPG,18.7721,68.4211
580.JPG,20.9418,63.5806
581.JPG,16.9297,41.681
582.JPG,22.9022,65.5511
583.JPG,21.0456,58.3953
584.JPG,15.5471,80.9364
585.JPG,21.3175,60.016
586.JPG,19.3786,57.0114
587.JPG,17.5841,66.6959
588.JPG,20.5194,67.5235
589.JPG,17.0237,81.4703
590.JPG,14.2571,84.8138
591.JPG,17.2084,78.1361
592.JPG,21.4092,57.8549
593.JPG,21.5486,73.0687
594.JPG,18.727,68.8086
595.JPG,11.1968,8.2034
596.JPG,19.8726,49.4083
597.JPG,19.9301,63.0476
598.JPG,24.5914,45.3032
599.JPG,21.3849,56.1934
600.JPG,21.2582,48.5157
601.JPG,19.4268,60.9462
602.JPG,20.8032,42.7651
603.JPG,19.9681,66.6816
604.JPG,18.1609,74.6289
605.JPG,20.0451,50.9508
606.JPG,18.473,31.4974
607.JPG,23.8488,48.2842
608.JPG,22.2968,59.9884
609.JPG,21.5539,65.455
610.JPG,21.2787,65.4934
611.JPG,21.0858,38.4895
612.JPG,19.5005,71.0057
613.JPG,22.7965,53.3019
614.JPG,20.5931,58.1582
615.JPG,21.3374,40.1283
616.JPG,14.8162,81.8382
617.JPG,15.1379,79.8333
618.JPG,18.8668,74.907
619.JPG,21.5574,42.3353
620.JPG,24.7567,48.8563
621.JPG,20.1516,69.8777
622.JPG,17.3809,78.3333
623.JPG,21.4365,45.8081
624.JPG,21.0408,71.1657
625.JPG,25.346,61.4947
626.JPG,21.467,32.322
627.JPG,25.3919,50.5871
628.JPG,16.0586,31.7703
629.JPG,18.6461,46.4659
630.JPG,21.8133,55.9939
631.JPG,19.7478,70.658
632.JPG,15.6379,21.1429
633.JPG,17.0749,26.2022
634.JPG,15.7983,16.1345
635.JPG,20.494,63.7624
636.JPG,20.0072,64.5181
637.JPG,17.26,31.4558
638.JPG,20.7103,49.6405
639.JPG,22.1151,43.9597
640.JPG,21.0925,43.5385
641.JPG,19.545,45.5091
642.JPG,20.9349,49.1714
643.JPG,19.1403,73.9455
644.JPG,23.8511,35.3793
645.JPG,28.5929,43.0194
646.JPG,19.3781,59.3646
647.JPG,23.3506,66.9945
648.JPG,16.3772,27.8389
649.JPG,21.7122,53.7758
650.JPG,18.5631,71.3636
651.JPG,19.9224,30.7247
652.JPG,11.8874,6.5207
653.JPG,14.8433,15.6474
654.JPG,19.965,71.8014
655.JPG,16.1049,12.5629
656.JPG,19.486,54.1937
657.JPG,14.9645,16.6013
658.JPG,17.8716,77.0787
659.JPG,15.5235,19.4915
660.JPG,21.3178,63.5432
661.JPG,21.123,19.8036
662.JPG,20.0969,19.5537
663.JPG,21.0539,23.0585
664.JPG,21.8563,52.1386
665.JPG,23.5027,60.0432
666.JPG,13.5167,15.5828
667.JPG,21.2187,55.0316
668.JPG,12.986,9.2083
669.JPG,12.4257,9.8276
670.JPG,18.2817,34.9441
671.JPG,13.5958,6.2242
672.JPG,12.2879,9.9097
673.JPG,6.7558,3.42
674.JPG,19.3656,68.1117
675.JPG,22.5661,38.1844
676.JPG,14.5566,14.9624
677.JPG,11.5112,8.4778
678.JPG,10.0299,4.865
679.JPG,11.1751,7.0785
680.JPG,18.1634,10.4419
681.JPG,16.2156,18.5962
682.JPG,19.9224,40.0747
683.JPG,18.5683,37.339
684.JPG,15.9393,27.8534
685.JPG,18.7843,60.0976
686.JPG,18.1982,29.4757
687.JPG,25.5878,49.1273
688.JPG,20.9611,66.7903
689.JPG,12.413,12.5562
690.JPG,16.0887,77.8276
691.JPG,16.0633,37.254
692.JPG,17.9999,25.2378
693.JPG,20.9796,43.7027
694.JPG,13.477,9.7389
695.JPG,17.3131,27.6608
696.JPG,19.9555,30.1627
697.JPG,24.4038,48.02
698.JPG,8.9575,4.8462
699.JPG,17.9805,77.7459
700.JPG,7.637,5.2778
701.JPG,20.3077,17.4875
702.JPG,13.0528,4.3439
703.JPG,18.5668,19.1737
704.JPG,16.2797,17.023
705.JPG,24.3942,48.2045
706.JPG,21.537,45.569
707.JPG,15.623,18.0061
708.JPG,18.9582,72.4438
709.JPG,21.328,61.9329
710.JPG,20.8099,53.8306
711.JPG,23.147,57.9261
712.JPG,15.41,86.3469
713.JPG,22.336,46.4134
714.JPG,19.713,31.8333
715.JPG,13.8747,88.3408
716.JPG,13.3226,90.2447
717.JPG,20.0989,66.537
718.JPG,21.872,46.4241
719.JPG,15.5669,82.6129
720.JPG,21.8099,62.1088
721.JPG,19.1882,80.6994
722.JPG,16.4954,27.9641
723.JPG,15.8106,23.5385
724.JPG,20.7525,30.7371
725.JPG,16.9935,36.963
726.JPG,21.3106,45.5238
727.JPG,17.9544,31.5
728.JPG,15.6601,83.4798
729.JPG,18.6482,77.4866
730.JPG,23.3494,46.875
731.JPG,21.3017,45.3352
732.JPG,18.1035,23.6467
733.JPG,17.4848,19.6441
734.JPG,8.2635,4.3081
735.JPG,24.5351,54.4259
736.JPG,19.4102,76.904
737.JPG,24.7183,43.9865
738.JPG,21.1517,69.4233
739.JPG,15.0572,83.9212
740.JPG,20.3193,69.2865
741.JPG,23.3413,59.8291
742.JPG,10.8499,5.6587
743.JPG,18.5289,72.9521
744.JPG,19.1981,69.4
745.JPG,20.283,69.5337
746.JPG,19.0456,76.9845
747.JPG,19.1098,64.5028
748.JPG,17.6606,79.5029
749.JPG,17.1415,81.5852
750.JPG,23.3567,57.5254
751.JPG,21.1132,25.7738
752.JPG,24.7595,60.6301
753.JPG,16.3623,83.8452
754.JPG,23.8403,44.1429
755.JPG,20.543,64.962
756.JPG,13.3486,87.3711
757.JPG,21.4665,65.6033
758.JPG,18.94,76.2179
759.JPG,17.6016,75.4709
760.JPG,21.2398,48.1677
761.JPG,19.4253,72.9211
762.JPG,18.9348,74.3975
763.JPG,21.1307,65.4796
764.JPG,17.4333,77.1784
765.JPG,16.4707,82.0734
766.JPG,18.6157,76.2563
767.JPG,16.8295,85.5241
768.JPG,15.3073,83.4157
769.JPG,15.3572,80.3333
770.JPG,13.1084,87.582
771.JPG,19.6141,73.5401
772.JPG,13.7164,12.7964
773.JPG,17.0397,82.5632
774.JPG,14.8765,84.7806
775.JPG,14.3949,83.6213
776.JPG,12.2987,91.078
777.JPG,18.7822,78.0244
778.JPG,16.572,81.5521
779.JPG,17.9353,80.9341
780.JPG,12.038,92.432
781.JPG,11.5796,88.9176
782.JPG,20.8331,49.6512
783.JPG,16.5842,77.0659
784.JPG,16.4931,82.9759
785.JPG,12.357,90.5497
786.JPG,18.4434,83.4097
787.JPG,23.1464,41.3312
788.JPG,23.6594,36.8156
789.JPG,18.4666,74.5172
790.JPG,20.7103,71.6816
791.JPG,21.5942,60.1314
792.JPG,19.3247,79.3949
793.JPG,20.6344,66.1067
794.JPG,21.337,77.4378
795.JPG,16.4103,79.6142
796.JPG,20.0623,68.5484
797.JPG,18.7717,24.5141
798.JPG,24.1741,61.0556
799.JPG,19.051,69.6154
800.JPG,15.4175,9.5515
801.JPG,22.9502,64.2822
802.JPG,14.2098,8.7225
803.JPG,21.8981,21.4946
804.JPG,19.0355,21.1928
805.JPG,21.0574,40.7077
806.JPG,14.6887,85.9771
807.JPG,22.4056,71.4921
808.JPG,17.76,83.3631
809.JPG,17.6013,74.6879
810.JPG,20.3568,59.936
811.JPG,16.8665,76.8042
812.JPG,19.9456,64.6103
813.JPG,19.8541,37.0229
814.JPG,21.0276,25.4716
815.JPG,24.131,32.4564
816.JPG,18.1238,16.0268
817.JPG,19.1031,14.3051
818.JPG,16.1791,21.7701
819.JPG,10.9814,8.2755
820.JPG,18.3348,78.3314
821.JPG,19.707,50.9758
822.JPG,18.1506,24.9368
823.JPG,12.636,13.0289
824.JPG,13.7012,12.8994
825.JPG,20.6393,44.4693
826.JPG,20.1009,76.1095
827.JPG,16.8649,82.4785
828.JPG,21.4108,68.9811
829.JPG,20.2677,26.6053
830.JPG,17.2388,77.3576
831.JPG,22.1564,36.2395
832.JPG,16.7484,34.9461
833.JPG,16.265,21.7225
834.JPG,20.6836,66.6648
835.JPG,21.8989,59.1761
836.JPG,19.3321,61.6804
837.JPG,18.202,21.7682
838.JPG,20.7697,26.2389
839.JPG,23.6662,22.7076
840.JPG,21.5063,71.3274
841.JPG,23.5203,63.4802
842.JPG,17.777,72.7887
843.JPG,25.5706,28.7044
844.JPG,11.8132,91.4362
845.JPG,19.4064,34.7871
846.JPG,19.9624,70.6564
847.JPG,22.1505,60.7849
848.JPG,17.1553,79.5926
849.JPG,16.4729,80.9817
850.JPG,15.9979,84.0811
851.JPG,21.1491,70.6077
852.JPG,18.3389,26.6429
853.JPG,15.7934,83.6796
854.JPG,21.4316,65.0059
855.JPG,16.3713,80.0769
856.JPG,17.8345,20.8343
857.JPG,19.4809,79.0809
858.JPG,20.321,76.6619
859.JPG,23.2245,49.2051
860.JPG,19.1464,74.9438
861.JPG,20.6379,67.9101
862.JPG,19.7675,27.1347
863.JPG,19.9588,66.2816
864.JPG,24.5563,45.9231
865.JPG,18.7956,80.2105
866.JPG,17.05,80.6952
867.JPG,21.1209,57.9773
868.JPG,18.5491,23.3005
869.JPG,14.1447,12.0443
870.JPG,17.9776,28.7756
871.JPG,19.5454,34.4186
872.JPG,13.9799,14.216
873.JPG,17.9276,26.2961
874.JPG,10.6226,6.5249
875.JPG,19.2064,37.1299
876.JPG,24.0225,37.4011
877.JPG,14.6753,87.8478
878.JPG,22.5444,72.2599
879.JPG,20.0129,61.5
880.JPG,20.2728,65.0833
881.JPG,20.9421,43.2736
882.JPG,15.7563,83.545
883.JPG,15.7427,83.4624
884.JPG,20.2752,29.4734
885.JPG,18.2201,27.8889
886.JPG,19.1718,72.9259
887.JPG,22.0142,50.2941
888.JPG,26.0137,52.1029
889.JPG,17.4004,28.1758
890.JPG,19.7345,62.9435
891.JPG,18.5513,72.0462
892.JPG,18.006,75.0602
893.JPG,20.1185,61.1656
894.JPG,19.6264,45.4688
895.JPG,22.1653,43.4317
896.JPG,19.8263,56.135
897.JPG,21.2276,57.7178
898.JPG,23.0309,51.659
899.JPG,19.9248,73.9628
900.JPG,17.9584,70.7062
901.JPG,15.3342,22.013
902.JPG,16.2032,78.7081
903.JPG,19.3991,67.1761
904.JPG,20.7798,58.0221
905.JPG,18.8131,70.3688
906.JPG,19.8846,63.8703
907.JPG,14.2116,13.9711
908.JPG,18.3244,73.2421
909.JPG,16.2707,77.426
910.JPG,19.9624,61.425
911.JPG,18.1878,70.2866
912.JPG,22.3529,38.3988
913.JPG,19.9641,75.5409
914.JPG,19.8649,67.4725
915.JPG,18.2144,77.2461
916.JPG,19.0005,78.025
917.JPG,20.1108,70.7
918.JPG,18.842,73.375
919.JPG,21.3484,69.1264
920.JPG,17.3193,75.869
921.JPG,19.5847,74.6488
922.JPG,16.7079,81.852
923.JPG,20.1173,75.1546
924.JPG,11.6548,10.1768
925.JPG,20.7848,47.3312
926.JPG,20.5584,49.0995
927.JPG,20.3329,57.7219
928.JPG,22.4668,58.994
929.JPG,20.5796,38.5632
930.JPG,22.1302,50.3509
931.JPG,18.6371,59.432
932.JPG,24.7055,60.2459
933.JPG,16.9133,73.1803
934.JPG,20.6804,71.8325
935.JPG,19.6448,70.5215
936.JPG,16.9722,76.4713
937.JPG,16.4822,79.4944
938.JPG,20.6309,49.392
939.JPG,20.508,67.615
940.JPG,20.9923,61.8837
941.JPG,21.5132,60.5472
942.JPG,20.5998,53.6374
943.JPG,23.8254,62.2526
944.JPG,22.6866,34.2919
945.JPG,18.9644,70.2955
946.JPG,18.0526,74.0252
947.JPG,19.0257,77.4506
948.JPG,18.516,24.2038
949.JPG,16.5025,25.4371
950.JPG,18.2787,74.4624
951.JPG,17.0793,75.9826
952.JPG,19.0899,42.4226
953.JPG,23.1763,58.7979
954.JPG,20.0665,62.7956
955.JPG,21.7377,54.6184
956.JPG,16.6434,77.4277
957.JPG,19.7541,32.6278
958.JPG,21.0741,64.9884
959.JPG,19.8163,49.873
960.JPG,18.494,44.6875
961.JPG,10.6122,4.8075
962.JPG,20.2995,61.9268
963.JPG,18.8951,78.8424
964.JPG,19.2642,63.6407
965.JPG,19.3173,71.8155
966.JPG,21.4167,69.3782
967.JPG,20.1689,72.8429
968.JPG,22.4959,65.0395
969.JPG,17.7551,80.5521
970.JPG,19.935,68.9143
971.JPG,16.8883,80.1006
972.JPG,20.1522,68.8544
973.JPG,18.8004,73.3081
974.JPG,21.8158,69.6135
975.JPG,23.2486,56.6959
976.JPG,18.9908,74.2256
977.JPG,19.8157,66.9429
978.JPG,22.562,44.9548
979.JPG,24.2888,49.4518
980.JPG,20.353,65.3642
981.JPG,20.222,56.3706
982.JPG,21.119,44.68
983.JPG,20.1974,74.8192
984.JPG,23.6045,46.7836
985.JPG,18.4456,34.9759
986.JPG,17.9001,61.1012
987.JPG,18.3866,81.0366
988.JPG,22.6986,54.8035
989.JPG,19.3331,78.5127
990.JPG,16.0376,86.2128
991.JPG,18.5938,37.4251
992.JPG,21.2349,58.9471
993.JPG,20.1818,46.7692
994.JPG,20.4431,65.4607
995.JPG,15.1166,83.4317
996.JPG,20.6491,61.0203
997.JPG,20.4639,65.4497
998.JPG,23.841,50.8306
999.JPG,21.7462,49.0671
1000.JPG,20.4737,56.5122
1001.JPG,19.6285,53.5575
1002.JPG,24.8044,40.6722
1003.JPG,21.1272,30.4891
1004.JPG,20.0161,64.3212
1005.JPG,21.2884,62.3503
1006.JPG,21.218,66.2143
1007.JPG,23.7769,63.1459
1008.JPG,23.3101,57.8428
1009.JPG,27.0701,56.1573
1010.JPG,20.1024,46.6705
1011.JPG,18.7457,54.1744
1012.JPG,23.6998,75.8743
1013.JPG,22.8449,38.1
1014.JPG,25.613,58.8095
1015.JPG,20.8538,63.9605
1016.JPG,21.7484,65.6347
1017.JPG,18.076,29.9679
1018.JPG,21.5078,42.4398
1019.JPG,24.1594,62.9617
1020.JPG,21.2785,55.1488
1021.JPG,18.6122,73.867
1022.JPG,23.7805,51.3086
1023.JPG,19.0358,72.6465
1025.JPG,19.0979,72.0305
1026.JPG,20.3064,72.5155
1027.JPG,17.7286,79.9389
1028.JPG,18.2256,76.1627
1029.JPG,16.6153,81.5161
1030.JPG,20.5049,72.7566
1031.JPG,19.1596,67.456
1032.JPG,16.1653,77.5549
1033.JPG,19.8746,69.788
1034.JPG,19.0753,75.7584
1035.JPG,19.6579,67.5053
1036.JPG,17.493,75.5825
1037.JPG,20.1138,48.9153
1038.JPG,16.3173,21.8763
1039.JPG,23.7892,59.6607
1040.JPG,22.0044,56.1429
1041.JPG,17.9124,75.9277
1042.JPG,18.282,25.9286
1043.JPG,17.3582,73.3121
1044.JPG,16.7893,82.3022
1045.JPG,17.5227,80.4835
1046.JPG,22.0489,61.0737
1047.JPG,18.9282,37.7602
1048.JPG,20.818,57.8563
1049.JPG,15.3129,81.2188
1050.JPG,18.6592,72.0602
1051.JPG,20.4084,57.3275
1052.JPG,20.4918,54.62
1053.JPG,21.4239,72.4891
1054.JPG,18.1491,77.2475
1055.JPG,20.1431,64.233
1056.JPG,21.8599,39.6266
1057.JPG,22.819,49.4444
1058.JPG,19.9764,60.2166
1059.JPG,20.1536,55.3837
1060.JPG,18.0222,61.2186
1061.JPG,22.7666,73
1062.JPG,17.2361,83.1164
1063.JPG,20.579,66.6747
1064.JPG,18.6992,76.0811
1065.JPG,20.2681,68.5642
1066.JPG,17.841,39.392
1067.JPG,21.3924,49.3275
1068.JPG,19.6272,56.733
1069.JPG,15.7566,84.044
1070.JPG,20.2278,58.7707
1071.JPG,20.8929,66
1072.JPG,21.8048,75.2529
1073.JPG,17.7811,74.7473
1074.JPG,16.8934,82.2047
1075.JPG,19.8386,66.6111
1076.JPG,19.9142,70.6319
1077.JPG,22.1451,71.2754
1078.JPG,19.7656,61.933
1079.JPG,17.65,26.661
1080.JPG,22.2577,59.6364
1081.JPG,20.6641,52.1947
1082.JPG,19.1189,65.2843
1083.JPG,19.2167,70.267
1084.JPG,17.2775,78.1856
1085.JPG,15.4524,83.375
1086.JPG,15.7948,82.3129
1087.JPG,18.1913,72.8333
1088.JPG,20.607,49.9568
1089.JPG,15.5685,80.1834
1090.JPG,18.8934,53.8788
1091.JPG,18.5061,73.0622
1092.JPG,18.8989,77.9029
1093.JPG,20.3763,59.9836
1094.JPG,24.6634,56.8681
1095.JPG,18.7405,76.2642
1096.JPG,13.9352,86.0601
1097.JPG,16.5433,82.5134
1098.JPG,12.6749,10.7607
1099.JPG,19.528,74.615
1100.JPG,19.1401,76.2857
1101.JPG,18.158,78.7962
1102.JPG,23.7874,64.3695
1103.JPG,21.3905,57.7011
1104.JPG,21.807,50.8141
1105.JPG,21.3381,75.6344
1106.JPG,19.0728,66.5233
1107.JPG,16.2131,78.4157
1108.JPG,18.1334,73.2793
1109.JPG,20.3987,69.5886
1110.JPG,21.1721,50
1111.JPG,16.9885,80.6323
1112.JPG,24.778,43.5933
1114.JPG,18.465,76.963
1115.JPG,19.9934,64.0054
1116.JPG,21.4519,49.9892
1117.JPG,22.551,52.4286
1118.JPG,22.8613,53.6453
1119.JPG,21.5904,57.4309
1120.JPG,18.6535,74.7802
1121.JPG,17.6077,76.967
1122.JPG,23.9492,55.012
1123.JPG,22.7888,49.6173
1124.JPG,17.4808,77.2
1125.JPG,20.1182,61.6062
1126.JPG,18.0481,72.0932
1127.JPG,15.7982,80.6294
1128.JPG,19.6408,70.0736
1129.JPG,23.3739,55.9135
1130.JPG,25.7896,46.0392
1131.JPG,21.0964,72.5465
1132.JPG,20.8522,50.4181
1133.JPG,19.9078,64.3297
1134.JPG,20.9856,65.9006
1135.JPG,18.4206,40.3898
1136.JPG,19.5522,66.4114
1137.JPG,18.348,77.0171
1138.JPG,20.5136,67.6048
1139.JPG,20.4343,44.172
1140.JPG,19.7978,51.9021
1141.JPG,18.5967,70.6742
1142.JPG,17.8531,71.764
1143.JPG,20.4867,61.1056
1144.JPG,17.8228,71.2721
1145.JPG,19.6259,47.2103
1146.JPG,19.1512,73.2048
1147.JPG,16.414,75.8352
1148.JPG,19.2263,48.453
1149.JPG,18.6362,72.1273
1150.JPG,22.0381,68.1968
1151.JPG,21.4765,58.6432
1152.JPG,19.409,61.8519
1153.JPG,17.6481,71.1263
1154.JPG,18.4332,28.0909
1155.JPG,20.6483,74.3626
1156.JPG,19.1221,28.8107
1157.JPG,21.3986,51.8605
1158.JPG,20.9134,48.1453
1159.JPG,24.3609,47.8363
1160.bmp,15.1148,21.6859
1161.bmp,12.9825,11.9003
1162.bmp,20.5023,62.6617
1163.bmp,14.6288,87.0656
1164.bmp,19.1942,72.7539
